ailourae,e982eb03-0876-3b8f-91ae-1445188974bd
town_snowymoutainglade,3a74765d-63a4-3ee3-9139-a4c6a8b5d825
captain_sushi,27ed05eb-72bc-37da-858f-15f9f1196bc4
centrelinkflex,fa24c675-cbcb-3bbb-af69-892348f31951
charr223,2902d463-7c7a-497b-bc89-c403b5e5ee7c
faeshadow,1d982fd0-c52c-3386-8fca-4822d4f53800
biataria,127746e1-7214-3cf6-af68-eaefd21c8769
nation_ailourae,337f842d-9bd5-3fd7-b538-e6ddaa20da87
chupachupchump,c32ec490-fc75-41f7-8cb6-9909a9a09a26
towny_server,f60413fa-c0bd-3eef-843d-543af145f8fe
